{"ball_pos": [295.1963527032931, 270.3414086865183], "ball_vel": [-0.40766884387664154, -0.2508208782406605]}